<?xml version="1.0" encoding="UTF-8"?>
<!DOCTYPE mapper PUBLIC "-//mybatis.org//DTD Mapper 3.0//EN" "http://mybatis.org/dtd/mybatis-3-mapper.dtd">
<mapper namespace="com.example.seckilldemo.mapper.TGoodsMapper">

    <!-- 通用查询映射结果 -->
    <resultMap id="BaseResultMap" type="com.example.seckilldemo.entity.TGoods">
        <id column="id" property="id"/>
        <result column="goods_name" property="goodsName"/>
        <result column="goods_title" property="goodsTitle"/>
        <result column="goods_img" property="goodsImg"/>
        <result column="goods_detail" property="goodsDetail"/>
        <result column="goods_price" property="goodsPrice"/>
        <result column="goods_stock" property="goodsStock"/>
    </resultMap>

    <select id="findGoodsVo" resultType="com.example.seckilldemo.vo.GoodsVo">
        SELECT g.id,
               g.goods_name,
               g.goods_title,
               g.goods_img,
               g.goods_price,
               g.goods_stock,
               sg.seckill_price,
               sg.stock_count,
               sg.start_date,
               sg.end_date
        FROM t_goods g
                 LEFT JOIN t_seckill_goods sg on g.id = sg.goods_id
    </select>

    <select id="findGoodsVobyGoodsId" resultType="com.example.seckilldemo.vo.GoodsVo">
        SELECT g.id,
               g.goods_name,
               g.goods_title,
               g.goods_img,
               g.goods_price,
               g.goods_stock,
               sg.seckill_price,
               sg.stock_count,
               sg.start_date,
               sg.end_date
        FROM t_goods g
                 LEFT JOIN t_seckill_goods sg on g.id = sg.goods_id
        WHERE
            g.id=#{goodsId}
    </select>
</mapper>
